{"cameraMode":{"drawMode":0,"name":"Shaded","section":"Shading Mode"},"sceneLighting":false,"audioPlay":false,"sceneViewState":{"m_AlwaysRefresh":false,"showFog":true,"showSkybox":false,"showFlares":true,"showImageEffects":true,"showParticleSystems":true,"showVisualEffectGraphs":true,"m_FxEnabled":true},"in2DMode":false,"pivot":{"x":1.4433274269104005,"y":2.344985008239746,"z":-0.009207725524902344},"rotation":{"x":0.030125245451927186,"y":-0.8956072330474854,"z":0.06134996935725212,"w":0.439602792263031},"size":3.7766315937042238,"orthographic":true}