{"cameraMode":{"drawMode":0,"name":"Shaded","section":"Shading Mode"},"sceneLighting":false,"audioPlay":false,"sceneViewState":{"m_AlwaysRefresh":false,"showFog":true,"showSkybox":false,"showFlares":true,"showImageEffects":true,"showParticleSystems":true,"showVisualEffectGraphs":true,"m_FxEnabled":true},"in2DMode":false,"pivot":{"x":11.958993911743164,"y":2.196169853210449,"z":-0.12379598617553711},"rotation":{"x":-0.0035268187057226898,"y":-0.9961106181144714,"z":0.07424796372652054,"w":-0.04755719378590584},"size":4.139158248901367,"orthographic":true}