{"cameraMode":{"drawMode":0,"name":"Shaded","section":"Shading Mode"},"sceneLighting":false,"audioPlay":false,"sceneViewState":{"m_AlwaysRefresh":false,"showFog":true,"showSkybox":false,"showFlares":true,"showImageEffects":true,"showParticleSystems":true,"showVisualEffectGraphs":true,"m_FxEnabled":true},"in2DMode":false,"pivot":{"x":13.618307113647461,"y":7.975800514221191,"z":-0.8419046401977539},"rotation":{"x":0.09939213842153549,"y":-0.8992466330528259,"z":0.27374371886253359,"w":0.32651323080062868},"size":13.246763229370118,"orthographic":true}